-- MySQL dump 10.13  Distrib 8.0.41, for macos15 (arm64)
--
-- Host: localhost    Database: unitedhelpers
-- ------------------------------------------------------
-- Server version	8.0.41

/*!40101 SET @OLD_CHARACTER_SET_CLIENT=@@CHARACTER_SET_CLIENT */;
/*!40101 SET @OLD_CHARACTER_SET_RESULTS=@@CHARACTER_SET_RESULTS */;
/*!40101 SET @OLD_COLLATION_CONNECTION=@@COLLATION_CONNECTION */;
/*!50503 SET NAMES utf8 */;
/*!40103 SET @OLD_TIME_ZONE=@@TIME_ZONE */;
/*!40103 SET TIME_ZONE='+00:00' */;
/*!40014 SET @OLD_UNIQUE_CHECKS=@@UNIQUE_CHECKS, UNIQUE_CHECKS=0 */;
/*!40014 SET @OLD_FOREIGN_KEY_CHECKS=@@FOREIGN_KEY_CHECKS, FOREIGN_KEY_CHECKS=0 */;
/*!40101 SET @OLD_SQL_MODE=@@SQL_MODE, SQL_MODE='NO_AUTO_VALUE_ON_ZERO' */;
/*!40111 SET @OLD_SQL_NOTES=@@SQL_NOTES, SQL_NOTES=0 */;

--
-- Table structure for table `assignment`
--

DROP TABLE IF EXISTS `assignment`;
/*!40101 SET @saved_cs_client     = @@character_set_client */;
/*!50503 SET character_set_client = utf8mb4 */;
CREATE TABLE `assignment` (
  `volunteerId` int NOT NULL,
  `taskCode` int NOT NULL,
  `startDateTime` datetime NOT NULL,
  `endDateTime` datetime DEFAULT NULL,
  PRIMARY KEY (`volunteerId`,`taskCode`),
  KEY `taskCode` (`taskCode`),
  CONSTRAINT `assignment_ibfk_1` FOREIGN KEY (`volunteerId`) REFERENCES `volunteer` (`volunteerId`),
  CONSTRAINT `assignment_ibfk_2` FOREIGN KEY (`taskCode`) REFERENCES `task` (`taskCode`)
) ENGINE=InnoDB DEFAULT CHARSET=utf8mb4 COLLATE=utf8mb4_0900_ai_ci;
/*!40101 SET character_set_client = @saved_cs_client */;

--
-- Dumping data for table `assignment`
--

LOCK TABLES `assignment` WRITE;
/*!40000 ALTER TABLE `assignment` DISABLE KEYS */;
INSERT INTO `assignment` VALUES (1,101,'2020-11-03 00:00:00','2020-11-04 00:00:00'),(1,102,'2020-11-05 00:00:00',NULL),(2,103,'2020-11-03 00:00:00',NULL),(2,104,'2020-11-03 00:00:00','2020-12-10 00:00:00'),(3,104,'2020-11-12 00:00:00','2020-12-01 00:00:00'),(4,105,'2020-11-03 00:00:00','2020-12-01 00:00:00'),(5,106,'2020-11-03 00:00:00','2020-12-01 00:00:00'),(6,107,'2020-11-03 00:00:00','2020-12-01 00:00:00'),(7,108,'2020-11-03 00:00:00','2020-12-01 00:00:00'),(9,102,'2020-11-03 00:00:00','2020-12-01 00:00:00');
/*!40000 ALTER TABLE `assignment` ENABLE KEYS */;
UNLOCK TABLES;

--
-- Table structure for table `item`
--

DROP TABLE IF EXISTS `item`;
/*!40101 SET @saved_cs_client     = @@character_set_client */;
/*!50503 SET character_set_client = utf8mb4 */;
CREATE TABLE `item` (
  `itemId` int NOT NULL AUTO_INCREMENT,
  `itemDescription` varchar(50) NOT NULL,
  `itemValue` decimal(8,2) NOT NULL,
  `quantityOnHand` int NOT NULL,
  PRIMARY KEY (`itemId`)
) ENGINE=InnoDB AUTO_INCREMENT=411 DEFAULT CHARSET=utf8mb4 COLLATE=utf8mb4_0900_ai_ci;
/*!40101 SET character_set_client = @saved_cs_client */;

--
-- Dumping data for table `item`
--

LOCK TABLES `item` WRITE;
/*!40000 ALTER TABLE `item` DISABLE KEYS */;
INSERT INTO `item` VALUES (401,'basic medical for earthquake 1',12.12,1000),(402,'basic medical for earthquake 2',130.00,7000),(403,'child-care for flood 1',260.00,1000),(404,'child-care for flood 2',22.21,8000),(405,'basic medical for fire 1',12.12,1000),(406,'basic medical for fire 2',12.12,6000),(407,'basic medical for fire 3',31.99,9000),(408,'basic medical for fire 4',25.00,1000),(409,'basic medical for storm',50.00,7000),(410,'basic medical for emergency',600.00,1500);
/*!40000 ALTER TABLE `item` ENABLE KEYS */;
UNLOCK TABLES;

--
-- Table structure for table `package`
--

DROP TABLE IF EXISTS `package`;
/*!40101 SET @saved_cs_client     = @@character_set_client */;
/*!50503 SET character_set_client = utf8mb4 */;
CREATE TABLE `package` (
  `packageId` int NOT NULL AUTO_INCREMENT,
  `taskCode` int NOT NULL,
  `packageTypeId` int NOT NULL,
  `packageCreateDate` datetime NOT NULL,
  `packageWeight` double NOT NULL,
  PRIMARY KEY (`packageId`),
  KEY `taskCode` (`taskCode`),
  KEY `packageTypeId` (`packageTypeId`),
  CONSTRAINT `package_ibfk_1` FOREIGN KEY (`taskCode`) REFERENCES `task` (`taskCode`),
  CONSTRAINT `package_ibfk_2` FOREIGN KEY (`packageTypeId`) REFERENCES `package_type` (`packageTypeId`)
) ENGINE=InnoDB AUTO_INCREMENT=311 DEFAULT CHARSET=utf8mb4 COLLATE=utf8mb4_0900_ai_ci;
/*!40101 SET character_set_client = @saved_cs_client */;

--
-- Dumping data for table `package`
--

LOCK TABLES `package` WRITE;
/*!40000 ALTER TABLE `package` DISABLE KEYS */;
INSERT INTO `package` VALUES (301,102,201,'2020-11-03 00:00:00',1),(302,102,202,'2020-11-03 00:00:00',2),(303,102,201,'2020-11-03 00:00:00',3),(304,102,201,'2020-11-03 00:00:00',4),(305,102,201,'2020-11-03 00:00:00',5),(306,103,201,'2020-11-04 00:00:00',6),(307,103,201,'2020-11-05 00:00:00',1),(308,104,201,'2020-11-06 00:00:00',2),(309,105,201,'2020-11-07 00:00:00',3),(310,106,201,'2020-11-08 00:00:00',4);
/*!40000 ALTER TABLE `package` ENABLE KEYS */;
UNLOCK TABLES;

--
-- Table structure for table `package_contents`
--

DROP TABLE IF EXISTS `package_contents`;
/*!40101 SET @saved_cs_client     = @@character_set_client */;
/*!50503 SET character_set_client = utf8mb4 */;
CREATE TABLE `package_contents` (
  `itemId` int NOT NULL,
  `packageId` int NOT NULL,
  `itemQuantity` int NOT NULL,
  PRIMARY KEY (`itemId`,`packageId`),
  KEY `packageId` (`packageId`),
  CONSTRAINT `package_contents_ibfk_1` FOREIGN KEY (`itemId`) REFERENCES `item` (`itemId`),
  CONSTRAINT `package_contents_ibfk_2` FOREIGN KEY (`packageId`) REFERENCES `package` (`packageId`)
) ENGINE=InnoDB DEFAULT CHARSET=utf8mb4 COLLATE=utf8mb4_0900_ai_ci;
/*!40101 SET character_set_client = @saved_cs_client */;

--
-- Dumping data for table `package_contents`
--

LOCK TABLES `package_contents` WRITE;
/*!40000 ALTER TABLE `package_contents` DISABLE KEYS */;
INSERT INTO `package_contents` VALUES (401,301,2),(402,301,2),(403,302,2),(404,302,2),(405,303,4),(406,303,4),(407,303,4),(408,303,4),(409,304,1),(410,305,1);
/*!40000 ALTER TABLE `package_contents` ENABLE KEYS */;
UNLOCK TABLES;

--
-- Table structure for table `package_type`
--

DROP TABLE IF EXISTS `package_type`;
/*!40101 SET @saved_cs_client     = @@character_set_client */;
/*!50503 SET character_set_client = utf8mb4 */;
CREATE TABLE `package_type` (
  `packageTypeId` int NOT NULL AUTO_INCREMENT,
  `packageTypeName` varchar(20) NOT NULL,
  PRIMARY KEY (`packageTypeId`)
) ENGINE=InnoDB AUTO_INCREMENT=205 DEFAULT CHARSET=utf8mb4 COLLATE=utf8mb4_0900_ai_ci;
/*!40101 SET character_set_client = @saved_cs_client */;

--
-- Dumping data for table `package_type`
--

LOCK TABLES `package_type` WRITE;
/*!40000 ALTER TABLE `package_type` DISABLE KEYS */;
INSERT INTO `package_type` VALUES (201,'basic medical'),(202,'child-care'),(203,'food'),(204,'extra');
/*!40000 ALTER TABLE `package_type` ENABLE KEYS */;
UNLOCK TABLES;

--
-- Table structure for table `packing_list`
--

DROP TABLE IF EXISTS `packing_list`;
/*!40101 SET @saved_cs_client     = @@character_set_client */;
/*!50503 SET character_set_client = utf8mb4 */;
CREATE TABLE `packing_list` (
  `packingListId` int NOT NULL AUTO_INCREMENT,
  `packingListName` varchar(20) NOT NULL,
  `packingListDescription` varchar(50) NOT NULL,
  PRIMARY KEY (`packingListId`)
) ENGINE=InnoDB AUTO_INCREMENT=121 DEFAULT CHARSET=utf8mb4 COLLATE=utf8mb4_0900_ai_ci;
/*!40101 SET character_set_client = @saved_cs_client */;

--
-- Dumping data for table `packing_list`
--

LOCK TABLES `packing_list` WRITE;
/*!40000 ALTER TABLE `packing_list` DISABLE KEYS */;
INSERT INTO `packing_list` VALUES (111,'special list','special help for huge disasters'),(112,'standard','help for small disasters'),(113,'extra','extra help for continous disasters'),(114,'urgent care','urgent care medical stuff'),(115,'clothes','clothes donation'),(116,'shoes','shoes donation'),(117,'trouser','trouser donation'),(118,'socks','socks donation'),(119,'hat','hat donation'),(120,'glove','glove donation');
/*!40000 ALTER TABLE `packing_list` ENABLE KEYS */;
UNLOCK TABLES;

--
-- Table structure for table `task`
--

DROP TABLE IF EXISTS `task`;
/*!40101 SET @saved_cs_client     = @@character_set_client */;
/*!50503 SET character_set_client = utf8mb4 */;
CREATE TABLE `task` (
  `taskCode` int NOT NULL AUTO_INCREMENT,
  `packingListId` int DEFAULT NULL,
  `taskTypeId` int NOT NULL,
  `taskStatusId` int NOT NULL,
  `taskDescription` varchar(50) NOT NULL,
  PRIMARY KEY (`taskCode`),
  UNIQUE KEY `packingListId` (`packingListId`),
  KEY `taskTypeId` (`taskTypeId`),
  KEY `taskStatusId` (`taskStatusId`),
  CONSTRAINT `task_ibfk_1` FOREIGN KEY (`packingListId`) REFERENCES `packing_list` (`packingListId`),
  CONSTRAINT `task_ibfk_2` FOREIGN KEY (`taskTypeId`) REFERENCES `task_type` (`taskTypeId`),
  CONSTRAINT `task_ibfk_3` FOREIGN KEY (`taskStatusId`) REFERENCES `task_status` (`taskStatusId`)
) ENGINE=InnoDB AUTO_INCREMENT=111 DEFAULT CHARSET=utf8mb4 COLLATE=utf8mb4_0900_ai_ci;
/*!40101 SET character_set_client = @saved_cs_client */;

--
-- Dumping data for table `task`
--

LOCK TABLES `task` WRITE;
/*!40000 ALTER TABLE `task` DISABLE KEYS */;
INSERT INTO `task` VALUES (101,NULL,122,134,'answer the telephone'),(102,112,121,131,'Prepare 9000 packages for Boston Disaster'),(103,113,121,131,'prepare 1000 packages'),(104,114,121,134,'prepare 2000 packages'),(105,115,121,134,'prepare 3000 packages'),(106,116,121,134,'prepare 4000 packages'),(107,117,121,134,'prepare 5000 packages'),(108,118,121,134,'prepare 6000 packages'),(109,119,121,134,'prepare 7000 packages'),(110,120,121,134,'prepare 8000 packages');
/*!40000 ALTER TABLE `task` ENABLE KEYS */;
UNLOCK TABLES;

--
-- Table structure for table `task_status`
--

DROP TABLE IF EXISTS `task_status`;
/*!40101 SET @saved_cs_client     = @@character_set_client */;
/*!50503 SET character_set_client = utf8mb4 */;
CREATE TABLE `task_status` (
  `taskStatusId` int NOT NULL AUTO_INCREMENT,
  `taskStatusName` varchar(20) NOT NULL,
  PRIMARY KEY (`taskStatusId`)
) ENGINE=InnoDB AUTO_INCREMENT=135 DEFAULT CHARSET=utf8mb4 COLLATE=utf8mb4_0900_ai_ci;
/*!40101 SET character_set_client = @saved_cs_client */;

--
-- Dumping data for table `task_status`
--

LOCK TABLES `task_status` WRITE;
/*!40000 ALTER TABLE `task_status` DISABLE KEYS */;
INSERT INTO `task_status` VALUES (131,'ongoing'),(132,'open'),(133,'close'),(134,'completed');
/*!40000 ALTER TABLE `task_status` ENABLE KEYS */;
UNLOCK TABLES;

--
-- Table structure for table `task_type`
--

DROP TABLE IF EXISTS `task_type`;
/*!40101 SET @saved_cs_client     = @@character_set_client */;
/*!50503 SET character_set_client = utf8mb4 */;
CREATE TABLE `task_type` (
  `taskTypeId` int NOT NULL AUTO_INCREMENT,
  `taskTypeName` varchar(20) NOT NULL,
  PRIMARY KEY (`taskTypeId`)
) ENGINE=InnoDB AUTO_INCREMENT=124 DEFAULT CHARSET=utf8mb4 COLLATE=utf8mb4_0900_ai_ci;
/*!40101 SET character_set_client = @saved_cs_client */;

--
-- Dumping data for table `task_type`
--

LOCK TABLES `task_type` WRITE;
/*!40000 ALTER TABLE `task_type` DISABLE KEYS */;
INSERT INTO `task_type` VALUES (121,'packing'),(122,'recurring'),(123,'additional');
/*!40000 ALTER TABLE `task_type` ENABLE KEYS */;
UNLOCK TABLES;

--
-- Table structure for table `volunteer`
--

DROP TABLE IF EXISTS `volunteer`;
/*!40101 SET @saved_cs_client     = @@character_set_client */;
/*!50503 SET character_set_client = utf8mb4 */;
CREATE TABLE `volunteer` (
  `volunteerId` int NOT NULL AUTO_INCREMENT,
  `volunteerName` varchar(20) NOT NULL,
  `volunteerAddress` varchar(50) NOT NULL,
  `volunteerTelephone` char(10) NOT NULL,
  PRIMARY KEY (`volunteerId`)
) ENGINE=InnoDB AUTO_INCREMENT=11 DEFAULT CHARSET=utf8mb4 COLLATE=utf8mb4_0900_ai_ci;
/*!40101 SET character_set_client = @saved_cs_client */;

--
-- Dumping data for table `volunteer`
--

LOCK TABLES `volunteer` WRITE;
/*!40000 ALTER TABLE `volunteer` DISABLE KEYS */;
INSERT INTO `volunteer` VALUES (1,'Abby','1 Main Street','9297661001'),(2,'Billy','2 Main Street','9297661002'),(3,'Cindy','3 Main Street','9297661003'),(4,'Daisy','4 Main Street','9297661004'),(5,'Eric','5 Main Street','9297661005'),(6,'Fred','6 Main Street','9297661006'),(7,'Gloria','7 Main Street','9297661007'),(8,'Helen','8 Main Street','9297661008'),(9,'Ivan','9 Main Street','9297661009'),(10,'Jackson','10 Main Street','9297661010');
/*!40000 ALTER TABLE `volunteer` ENABLE KEYS */;
UNLOCK TABLES;
/*!40103 SET TIME_ZONE=@OLD_TIME_ZONE */;

/*!40101 SET SQL_MODE=@OLD_SQL_MODE */;
/*!40014 SET FOREIGN_KEY_CHECKS=@OLD_FOREIGN_KEY_CHECKS */;
/*!40014 SET UNIQUE_CHECKS=@OLD_UNIQUE_CHECKS */;
/*!40101 SET CHARACTER_SET_CLIENT=@OLD_CHARACTER_SET_CLIENT */;
/*!40101 SET CHARACTER_SET_RESULTS=@OLD_CHARACTER_SET_RESULTS */;
/*!40101 SET COLLATION_CONNECTION=@OLD_COLLATION_CONNECTION */;
/*!40111 SET SQL_NOTES=@OLD_SQL_NOTES */;

-- Dump completed on 2025-03-09  0:09:07
